symbol,as_of,weight,debt_ratio,cash_ratio,receivables_ratio,near,gap_to_limit
AMGN,2019-12-31,0.019364443680341608,0.24419456067190018,0.2951601418029823,0.32478455817727586,cash,0.00483985819701771
ABBV,2019-12-31,0.01746409704360906,0.28546526621838164,0.05945932950017763,0.09917264422898997,debt,0.014534733781618348
IR,2019-12-31,0.0009273934974998161,0.2827875404014388,0.03740960704311838,0.12626587982998275,debt,0.017212459598561214
TECH,2019-12-31,0.00026559538817351057,0.2902443048893471,0.09781620727011117,0.17880253377504154,debt,0.009755695110652884
AMGN,2020-01-31,0.01736879627878944,0.24167419895975156,0.29211375813945706,0.32143241731519107,cash,0.00788624186054293
ABBV,2020-01-31,0.015993828528660905,0.28798616421564804,0.05998440530586649,0.10004842194980461,debt,0.012013835784351945
HLT,2020-01-31,0.004058077957273268,0.28657819484887825,0.015894716835135967,0.0612518492430922,debt,0.013421805151121735
IR,2020-01-31,0.0008934825010487821,0.2826863947897431,0.037396226617720935,0.12622071786975791,debt,0.017313605210256877
TECH,2020-01-31,0.00025425943781466777,0.28504165964120176,0.09606284633460735,0.1755974884493263,debt,0.014958340358798228
AMT,2020-02-29,0.014499422122496716,0.2976742241969579,0.018576641642395187,0.024296148548280518,debt,0.002325775803042107
DHR,2020-02-29,0.012867909397900314,0.28832726412981396,0.26466699542702044,0.30701424546240563,debt,0.011672735870186024
GILD,2020-02-29,0.012675192306393227,0.28303968015601044,0.28026602249254534,0.32149109199682824,debt,0.016960319843989546
FTV,2020-02-29,0.0021152768653044337,0.297691782347141,0.07430580235373505,0.1596662266474176,debt,0.0023082176528589904
IVZ,2020-02-29,0.0008254183714457967,0.28409510497862334,0.13536032546660828,0.20659639463261978,debt,0.015904895021376653
TECH,2020-02-29,0.0002585769656748284,0.2812475036503401,0.09478416509068509,0.17326013094299228,debt,0.018752496349659864
AMT,2020-03-31,0.015222417921932697,0.2922088174386504,0.0182355677618706,0.023850062445814505,debt,0.0077911825613495855
GILD,2020-03-31,0.014939381359498686,0.28366031128964847,0.28088057172876507,0.32219603690338877,debt,0.01633968871035152
DHR,2020-03-31,0.013470543386808675,0.28459838021618966,0.26124410545269333,0.3030436862278726,debt,0.015401619783810327
GEN,2020-03-31,0.0018605610227633313,0.2828800779880345,0.14590355953788298,0.19646632025879399,debt,0.017119922011965494
GILD,2020-04-30,0.01484891981477925,0.2830127908080276,0.2802393966477082,0.3214605496861482,debt,0.016987209191972386
AMT,2020-04-30,0.014718200058589901,0.28545626829248616,0.01781416854264241,0.02329891987518259,debt,0.01454373170751383
KDP,2020-04-30,0.005243058400249276,0.2851347689493481,0.0014830171755340574,0.02353053918514038,debt,0.014865231050651906
GEN,2020-04-30,0.0018710694979718642,0.28699864615513637,0.14802782986491886,0.19932675475202732,debt,0.013001353844863617
NOW,2020-04-30,0.0018599721065882821,0.0,0.29856743483883363,0.3907818330846528,cash,0.0014325651611663548
GILD,2020-05-31,0.013230265810250373,0.28142582395898547,0.2786679813381537,0.31965799074819257,debt,0.018574176041014523
NOW,2020-05-31,0.0019737448166772774,0.0,0.2889703890307888,0.3782206803417572,cash,0.011029610969211179
GILD,2020-06-30,0.013064888366524668,0.28058802391565923,0.27783839134689275,0.3187063741739529,debt,0.019411976084340754
GILD,2020-07-31,0.011267383982427622,0.2807624934183179,0.27801115112930014,0.31890454564905835,debt,0.019237506581682107
GILD,2020-08-31,0.010201408199710466,0.28216222106812855,0.2793971620969815,0.3204944286307934,debt,0.01783777893187144
GILD,2020-09-30,0.009875536364298306,0.2838301114045356,0.2810487078812366,0.3223889046466189,debt,0.016169888595464366
WM,2020-09-30,0.005927655853666556,0.29852795305853097,0.07875670772273143,0.12186168479422918,debt,0.0014720469414690185
IVZ,2020-09-30,0.00063848397058499,0.2852136153866408,0.14382016177502582,0.26112476655549494,debt,0.014786384613359183
GILD,2020-10-31,0.008425134123576495,0.28599094835335126,0.28318836962960237,0.32484329489295793,debt,0.01400905164664873
WM,2020-10-31,0.005239961863956054,0.29554770825986276,0.07797046889267828,0.12064512316727248,debt,0.004452291740137226
IVZ,2020-10-31,0.0006801141123914193,0.291749707401594,0.14711601358663276,0.26710882695624477,debt,0.008250292598405984
GILD,2020-11-30,0.008104861506586415,0.2876107346634299,0.28479228278468854,0.32668313187037984,debt,0.012389265336570088
WM,2020-11-30,0.005333742855998755,0.2923259158095288,0.07712050571919782,0.11932995970591968,debt,0.007674084190471164
IVZ,2020-11-30,0.0007763224353929388,0.295879628705869,0.14919854372564367,0.270889939351631,debt,0.004120371294131009
GILD,2020-12-31,0.007608799263279809,0.2888486205447665,0.28601803795820574,0.32808918660990966,debt,0.011151379455233479
WM,2020-12-31,0.005161896407635073,0.2894725492673836,0.07636773951260578,0.11816519087741024,debt,0.010527450732616406
IVZ,2020-12-31,0.0008150702973230889,0.29559928422651516,0.1490571788461349,0.27063327247888325,debt,0.004400715773484831
GILD,2021-01-31,0.008718297492160932,0.28947657185857956,0.2866398356402281,0.3288024461553109,debt,0.010523428141420432
CCI,2021-01-31,0.0069549526294032825,0.29679937654405153,0.0032102355169490704,0.012971972088896243,debt,0.003200623455948459
IVZ,2021-01-31,0.0009797972545211627,0.2944131126681385,0.1484590468628935,0.2695472837512554,debt,0.005586887331861468
LITE,2021-01-31,0.0007395044276911662,0.2899940696820944,0.2928589532510323,0.2928589532510323,cash,0.007141046748967705
AMT,2021-02-28,0.010467281664611968,0.290466282203675,0.017319377502766627,0.022393301530949303,debt,0.009533717796325003
FISV,2021-02-28,0.008593717800575353,0.29493013329071666,0.0,0.035390475286577,debt,0.005069866709283333
IVZ,2021-02-28,0.0011219050769723914,0.28844279608004836,0.19506522327818118,0.29770853268705655,debt,0.01155720391995163
LITE,2021-02-28,0.0007367149739405211,0.28343042053910705,0.2862304610903838,0.2862304610903838,cash,0.013769538909616186
AMT,2021-03-31,0.011119045294963357,0.2886635519652266,0.01721188769259497,0.02225432126273274,debt,0.011336448034773405
FISV,2021-03-31,0.008515748917519621,0.29037244925514955,0.0,0.03484357083017217,debt,0.009627550744850444
CCI,2021-03-31,0.007765846521807081,0.2979525607989596,0.0035853212710248252,0.010245982770213186,debt,0.002047439201040391
IVZ,2021-03-31,0.0012120131035379548,0.28409584596271353,0.1921255111177786,0.2932219441548318,debt,0.015904154037286455
AMT,2021-04-30,0.011353375167853041,0.28588555731944193,0.017046246649490105,0.022040153644782515,debt,0.01411444268055806
FISV,2021-04-30,0.008233061623774593,0.2861461086432626,0.0,0.0343364263030641,debt,0.013853891356737369
CCI,2021-04-30,0.00817236916071181,0.2935013706278398,0.003531759231621309,0.010092915390366069,debt,0.0064986293721601696
IVZ,2021-04-30,0.0012432031878509835,0.28028696709419354,0.18954968042613185,0.289290711499553,debt,0.01971303290580645
AMT,2021-05-31,0.011162157546194096,0.2834641827359516,0.016901869477141864,0.021853479409287415,debt,0.016535817264048402
CCI,2021-05-31,0.00803167407571048,0.2892061670785087,0.0034800742096584036,0.009945212073291042,debt,0.010793832921491275
FISV,2021-05-31,0.007741890672684885,0.2831766218470242,0.0,0.03398009937267038,debt,0.0168233781529758
ICE,2021-05-31,0.00622729505546129,0.2998229365149087,0.0360976880087793,0.05839811806945159,debt,0.00017706348509127778
NOW,2021-05-31,0.0018252747363768993,0.0,0.298950725655568,0.3651267272664337,cash,0.0010492743444319719
AMT,2021-06-30,0.011701898121072881,0.28042413107860426,0.016720602991124767,0.021619108683307915,debt,0.019575868921395734
CCI,2021-06-30,0.008197780962084983,0.284098525579269,0.003418612963401992,0.009769570666963451,debt,0.015901474420730977
FISV,2021-06-30,0.007121538165041523,0.28074984925798546,0.0,0.03368889604807193,debt,0.019250150742014527
ICE,2021-06-30,0.00649195238802145,0.29592919388296574,0.03562889429890456,0.05763971297678131,debt,0.0040708061170342535
NOW,2021-06-30,0.0020985013363488164,0.0,0.2910686753655311,0.3554998992323502,cash,0.008931324634468885
ICE,2021-07-31,0.006107682582549799,0.29234411499461826,0.03519726268091461,0.056941427973493705,debt,0.007655885005381724
NOW,2021-07-31,0.002092109355495425,0.0,0.2829701741036134,0.34560870644449954,cash,0.017029825896386575
ICE,2021-08-31,0.005851581094397165,0.2890009491315712,0.034794756589523995,0.056290261664920536,debt,0.010999050868428784
ICE,2021-09-30,0.0059852361636416555,0.28597428235489536,0.03443035593932374,0.05570074157737909,debt,0.01402571764510463
ICE,2021-10-31,0.006911320451013362,0.2819628126897356,0.03394738828477134,0.054919406160345796,debt,0.01803718731026438
FISV,2022-01-31,0.006727173146185213,0.2813314750774396,0.0,0.03375868889683838,debt,0.01866852492256038
FTNT,2022-01-31,0.0008996493775679281,0.0,0.29205873071550764,0.40651052743632926,cash,0.007941269284492347
FISV,2022-02-28,0.005992393563707343,0.29597633531701073,0.011637248198413334,0.05149656538100272,debt,0.004023664682989259
FISV,2022-03-31,0.005947242642746081,0.29581458130955945,0.011630888326669591,0.051468421996460054,debt,0.004185418690440534
LYV,2022-03-31,0.0023082134050653883,0.29076412377882394,0.27602922243699735,0.336299774981938,debt,0.009235876221176054
FISV,2022-04-30,0.006202498221656265,0.2952771139337629,0.011609756092418516,0.05137490869639092,debt,0.004722886066237109
LYV,2022-04-30,0.002222445747633531,0.2806895164821295,0.26646516074216453,0.3246474152517295,debt,0.019310483517870514
NTAP,2022-04-30,0.0015337167752371814,0.17011044438907855,0.29704696140281345,0.35812384968080707,cash,0.0029530385971865414
FISV,2022-05-31,0.006283689221011795,0.2960195037552553,0.011638945502455065,0.05150407620547481,debt,0.003980496244744669
IQV,2022-05-31,0.0038316782857250324,0.29956337794186394,0.03676708569221647,0.10026934405433172,debt,0.00043662205813604915
NTAP,2022-05-31,0.001491786716539926,0.16734429027363282,0.2922167014048695,0.35230042264673234,cash,0.0077832985951304945
FISV,2022-06-30,0.006121834260296119,0.2970476004167368,0.01167936838291544,0.051682953502841376,debt,0.00295239958326321
IQV,2022-06-30,0.004237306806315773,0.29540266406667454,0.03625641805106185,0.09887667698691749,debt,0.004597335933325453
CF,2022-06-30,0.001823212194984488,0.2981497532259637,0.14008305865854803,0.18284797275762563,debt,0.0018502467740362794
FISV,2022-07-31,0.0067560182398433075,0.29733134243868264,0.011690524600287236,0.051732321434803996,debt,0.0026686575613173447
IQV,2022-07-31,0.004359229887452777,0.29166613675493436,0.03579781319486771,0.09762599292412129,debt,0.008333863245065631
DVN,2022-07-31,0.003978453046077599,0.28684080421173536,0.09288473434749037,0.16116541328897566,debt,0.013159195788264633
CF,2022-07-31,0.0018867844854467022,0.28653862758104887,0.1346276726412547,0.17572715255692029,debt,0.013461372418951123
ABBV,2022-08-31,0.023529761492976635,0.29738131256326594,0.04553149077919886,0.09174386956903274,debt,0.0026186874367340462
FISV,2022-08-31,0.006692451960904337,0.29641677974708575,0.011654565667882309,0.05157319777583848,debt,0.003583220252914243
IQV,2022-08-31,0.0039915877573852305,0.2872089144616636,0.03525075342029891,0.09613407906361815,debt,0.01279108553833641
ABBV,2022-09-30,0.02548968034834165,0.29225363201997206,0.04474640130143958,0.0901619502113544,debt,0.007746367980027924
FISV,2022-09-30,0.006716443703552769,0.2962319319821236,0.011647297791829036,0.05154103633629735,debt,0.0037680680178763803
IQV,2022-09-30,0.003690025111229165,0.2848494400047397,0.034961161948396255,0.09534431978885587,debt,0.015150559995260271
ABBV,2022-10-31,0.02601571156153557,0.2863639609903055,0.04384464490031156,0.0883449523438933,debt,0.013636039009694512
BMY,2022-10-31,0.01739230451131226,0.2977714975157362,0.11339284059102599,0.16672075966893454,debt,0.0022285024842637613
SLB,2022-10-31,0.007301916167970062,0.28771896413243747,0.0679775574598616,0.1830781365930774,debt,0.012281035867562518
FISV,2022-10-31,0.006900133007028244,0.29653073322154194,0.011659046110090292,0.05159302440333369,debt,0.0034692667784580467
IQV,2022-10-31,0.0039963766255879515,0.28348680813609584,0.034793918532243104,0.09488822196877131,debt,0.016513191863904153
ABBV,2022-11-30,0.02670629291413375,0.28143373958750434,0.043089788018397385,0.08682395028284812,debt,0.01856626041249565
BMY,2022-11-30,0.01680500906488436,0.2949782499658682,0.11232915828161784,0.16515683445331586,debt,0.0050217500341318
FISV,2022-11-30,0.006535213932857496,0.29750573536179437,0.011697381411079639,0.051762663849029056,debt,0.0024942646382056233
IQV,2022-11-30,0.003874666149828787,0.28124557352246327,0.034518839296383434,0.09413803973312963,debt,0.018754426477536723
BMY,2022-12-31,0.01568135403228684,0.2923552547264404,0.11133030888354965,0.16368823264765686,debt,0.007644745273559572
FISV,2022-12-31,0.006589756793652872,0.29905798151651947,0.01175841289100597,0.05203273728415216,debt,0.0009420184834805223
BMY,2023-01-31,0.015448888965438883,0.29087749229453613,0.11076756973198437,0.16286084091502712,debt,0.009122507705463856
FISV,2023-01-31,0.0067863925065059835,0.29976983796326206,0.011786401784589342,0.052156592328212716,debt,0.00023016203673792424
AMGN,2023-02-28,0.009596364725082662,0.2916303681438143,0.09340541105296873,0.13683689731907248,debt,0.008369631856185666
GILD,2023-02-28,0.0077900200550840475,0.2937951432009248,0.07435124809107828,0.12997785923141986,debt,0.006204856799075176
CCI,2023-02-28,0.004391814858069539,0.29048469948799893,0.002085490041885399,0.010013025906231819,debt,0.009515300512001057
RSG,2023-02-28,0.0031712993408099417,0.29536708460487615,0.0035938772162690796,0.04562770474155848,debt,0.004632915395123838
EBAY,2023-02-28,0.0019191808209374547,0.2923651636912566,0.15750345138998031,0.16046961808282362,debt,0.007634836308743398
EXPE,2023-02-28,0.0012490201659591004,0.2930281894071632,0.1946007719396289,0.2921829157838733,debt,0.006971810592836802
EXE,2023-02-28,0.0009149900123652462,0.28426861004800663,0.01194792088788906,0.14411030732469265,debt,0.015731389951993358
AMGN,2023-03-31,0.009282905381862494,0.2918609533532201,0.09347926449424226,0.13694509100556537,debt,0.00813904664677989
GILD,2023-03-31,0.007439842367942932,0.29074466963116813,0.07357925943698011,0.1286282997393222,debt,0.00925533036883186
CCI,2023-03-31,0.0041672542336174566,0.29291930979785236,0.002102968950640387,0.010096947077113139,debt,0.0070806902021476326
RSG,2023-03-31,0.003083088342171369,0.2917332931348576,0.003549663080525949,0.04506636404745846,debt,0.008266706865142415
FIS,2023-03-31,0.002359678537056454,0.2873297460938182,0.034918767188029,0.09395191153378735,debt,0.012670253906181816
EBAY,2023-03-31,0.00171970663748073,0.29582093578476965,0.15936515072882587,0.16236637767287154,debt,0.004179064215230344
EXPE,2023-03-31,0.0010309326040415625,0.2999987014571227,0.19922990686511483,0.2991333205875349,debt,1.2985428772815943e-06
AMGN,2023-04-30,0.009053147600886878,0.29210059144583195,0.09355601745617427,0.13705753242681096,debt,0.007899408554168041
GILD,2023-04-30,0.007249514618851526,0.2879273552218325,0.07286627677730481,0.1273818921516486,debt,0.012072644778167496
CCI,2023-04-30,0.0037690204012076614,0.29619797114062646,0.00212650759344368,0.01020996274031613,debt,0.0038020288593735296
RSG,2023-04-30,0.0032427616269265734,0.2888425337862865,0.0035144897836284824,0.04461980543984669,debt,0.011157466213713496
FIS,2023-04-30,0.002508076781219643,0.29757029432927945,0.036163286158212814,0.09730039561855522,debt,0.002429705670720539
EBAY,2023-04-30,0.0017697229577812025,0.2996119667025657,0.16140746126384414,0.16444714979988642,debt,0.00038803329743430925
AMGN,2023-05-31,0.008492823177898328,0.2931184261387217,0.09388201666016133,0.1375351141760822,debt,0.006881573861278301
GILD,2023-05-31,0.006915531351309844,0.2858745840437258,0.07234677840345577,0.12647372600460036,debt,0.014125415956274201
RSG,2023-05-31,0.0032369129859095135,0.2853728228093799,0.0034722720962933333,0.0440838115656321,debt,0.014627177190620066
AMGN,2023-06-30,0.008109150238772197,0.2939879955896979,0.09416052843698522,0.13794312787654964,debt,0.006012004410302085
GILD,2023-06-30,0.006573456506244303,0.2841874403546566,0.07191981001444639,0.12572731705266257,debt,0.015812559645343394
RSG,2023-06-30,0.003321884587728754,0.2819495850220194,0.003430619871211029,0.04355499677494281,debt,0.0180504149779806
AMGN,2023-07-31,0.008272732705846195,0.2947691584322654,0.094410724727837,0.13830966000541617,debt,0.005230841567734568
GILD,2023-07-31,0.00628192731421037,0.2828156470060567,0.07157264788480666,0.12512042219110603,debt,0.017184352993943275
AMGN,2023-08-31,0.009257640831522956,0.2932633367354507,0.093928429638136,0.13760310818017465,debt,0.006736663264549303
GILD,2023-08-31,0.006449960403039669,0.28158607020479837,0.07126147674425833,0.12457644532802058,debt,0.018413929795201622
AMGN,2023-09-30,0.010013468663632057,0.29105958577227575,0.09322259688867342,0.13656907854127207,debt,0.008940414227724236
GILD,2023-09-30,0.006520168123520098,0.2808980795429473,0.07108736575036538,0.1242720714965667,debt,0.019101920457052668
AMGN,2023-10-31,0.00995112072130348,0.28766373600364803,0.0921349504081931,0.13497570008395188,debt,0.01233626399635196
CRWD,2023-10-31,0.0007508678775606386,0.07740975648122686,0.28261881563803243,0.3480333792687382,cash,0.01738118436196756
AMGN,2023-11-30,0.009734117032852495,0.2847750260110885,0.09120973419705153,0.13362027844130075,debt,0.015224973988911483
NSC,2023-11-30,0.0033637714061115587,0.2821979103764739,0.008475974649695172,0.029814612583576875,debt,0.017802089623526085
CRWD,2023-11-30,0.0009338044374636172,0.07855383515904592,0.28679578473882483,0.3531771439114708,cash,0.013204215261175156
AMGN,2023-12-31,0.00993367113634764,0.28197046249223207,0.0903114690061858,0.13230433945765785,debt,0.018029537507767923
NSC,2023-12-31,0.0034820660663583526,0.28487875446220107,0.008556495325699097,0.03009784759302928,debt,0.015121245537798922
CRWD,2023-12-31,0.000961137844649907,0.07767921822740564,0.28360260583485697,0.34924487619586003,cash,0.01639739416514302
FISV,2024-01-31,0.005871999514463119,0.29921709871126956,0.012601261697523819,0.06268499028468888,debt,0.000782901288730431
NSC,2024-01-31,0.00342751241121824,0.28763094505639397,0.008639158934640736,0.030388620463078376,debt,0.012369054943606017
BMY,2024-02-29,0.007571749593796468,0.2874943342224071,0.08286822507104684,0.14707230524210738,debt,0.012505665777592878
CSX,2024-02-29,0.005333651694978091,0.28723386097758924,0.02294674961690226,0.04520637511574965,debt,0.01276613902241075
MMM,2024-02-29,0.0030558601560216185,0.2997268421843046,0.11226438504265254,0.2010515693504447,debt,0.00027315781569536846
BMY,2024-03-31,0.007986997040054483,0.29056632185603537,0.08375370395649173,0.1486438294398797,debt,0.009433678143964619
CSX,2024-03-31,0.005144387205274079,0.2866705053031125,0.022901743845077583,0.0451177112379697,debt,0.01332949469688749
APP,2024-03-31,0.0016674935707830818,0.29803049319841574,0.047952936814044014,0.13903689279271844,debt,0.001969506801584253
NVDA,2024-04-30,0.015848276013524926,0.10918955010296305,0.2922217808090835,0.40467273471571935,cash,0.00777821919091648
BMY,2024-04-30,0.006797091360814629,0.29586568898496435,0.08528120935642239,0.15135480509122207,debt,0.004134311015035641
CSX,2024-04-30,0.004842056544053744,0.2866979697483683,0.022903937944848785,0.045122033736752935,debt,0.01330203025163168
APP,2024-04-30,0.0017855492215192938,0.2880557158150983,0.046348000807452466,0.1343834694507243,debt,0.011944284184901677
CSX,2024-05-31,0.004825470525789414,0.28632462091328476,0.022874111578941692,0.045063274134279976,debt,0.013675379086715234
CSX,2024-06-30,0.004599695733726641,0.28538453208411446,0.02279900907219963,0.044915318012014455,debt,0.014615467915885527
CRWD,2024-06-30,0.0016391328018814304,0.06185891748610219,0.28948207828246403,0.3605562577397811,cash,0.01051792171753596
CSX,2024-07-31,0.004801107759632731,0.28377327827752746,0.022670288044869508,0.04466173041708624,debt,0.016226721722472526
CRWD,2024-07-31,0.0009869938988895932,0.05989555674984806,0.28029411041224184,0.3491124428716006,cash,0.019705889587758152
FISV,2024-08-31,0.00718155546713307,0.2967906473871009,0.015457043838310819,0.06144303306491327,debt,0.0032093526128990635
CSX,2024-08-31,0.004481164204542608,0.2836253537835916,0.022658470544269126,0.044638449282546906,debt,0.016374646216408384
FISV,2024-09-30,0.007175308051355301,0.289934323427709,0.015099962168308747,0.06002360376870902,debt,0.010065676572291016
CSX,2024-09-30,0.004384422427200623,0.2821321094951394,0.02253917714798443,0.044403434645994395,debt,0.017867890504860595
ANET,2024-09-30,0.0019429706973665437,0.0,0.2977899515873869,0.35877502143151496,cash,0.002210048412613075
FISV,2024-10-31,0.008208332536814762,0.2805983283299061,0.014613737663690932,0.05809082097875814,debt,0.01940167167009388
ANET,2024-10-31,0.002031498635565484,0.0,0.28094385082549905,0.33847897003802063,cash,0.019056149174500936
APH,2024-10-31,0.0013515361816109203,0.2932909654059841,0.1122637725698049,0.2893216343315066,debt,0.006709034594015895
APH,2024-11-30,0.0013893230044788312,0.28571581710305294,0.10936421265637343,0.28184900630740833,debt,0.01428418289694705
MMM,2024-12-31,0.0042192656597700206,0.297252722780678,0.11133768961775815,0.19939197294848596,debt,0.0027472772193219974
URI,2024-12-31,0.0028029214961310667,0.2998670757001492,0.009450577225139275,0.06750784227213812,debt,0.00013292429985078957
NOW,2024-12-31,0.002567450113205009,0.0,0.2883986587332303,0.36106940986947494,cash,0.011601341266769705
YUM,2024-12-31,0.0022616018410954123,0.29981832158101634,0.013558291878597454,0.013558291878597454,debt,0.000181678418983644
